filename,label
1.jpg,not milk loong
10.jpg,not milk loong
100.jpg,not milk loong
11.jpg,not milk loong
12.jpg,not milk loong
13.jpg,not milk loong
14.jpg,not milk loong
15.jpg,not milk loong
16.jpg,not milk loong
17.jpg,not milk loong
18.jpg,not milk loong
19.jpg,not milk loong
2.jpg,not milk loong
20.jpg,not milk loong
22.jpg,not milk loong
23.jpg,not milk loong
24.jpg,not milk loong
25.jpg,not milk loong
26.jpg,not milk loong
27.jpg,not milk loong
28.jpg,not milk loong
29.jpg,not milk loong
3.jpg,not milk loong
30.jpg,not milk loong
31.jpg,not milk loong
32.jpg,not milk loong
33.jpg,not milk loong
34.jpg,not milk loong
35.jpg,not milk loong
36.jpg,not milk loong
37.jpg,not milk loong
38.jpg,not milk loong
39.jpg,not milk loong
4.jpg,not milk loong
40.jpg,not milk loong
41.jpg,not milk loong
43.jpg,not milk loong
44.jpg,not milk loong
45.jpg,not milk loong
46.jpg,not milk loong
47.jpg,not milk loong
48.jpg,not milk loong
49.jpg,not milk loong
5.jpg,not milk loong
50.jpg,not milk loong
51.jpg,not milk loong
52.jpg,not milk loong
53.jpg,not milk loong
54.jpg,not milk loong
55.jpg,not milk loong
56.jpg,not milk loong
57.jpg,not milk loong
58.jpg,not milk loong
59.jpg,not milk loong
6.jpg,not milk loong
60.jpg,not milk loong
61.jpg,not milk loong
62.jpg,not milk loong
64.jpg,not milk loong
65.jpg,not milk loong
66.jpg,not milk loong
67.jpg,not milk loong
68.jpg,not milk loong
69.jpg,not milk loong
7.jpg,not milk loong
70.jpg,not milk loong
71.jpg,not milk loong
72.jpg,not milk loong
73.jpg,not milk loong
74.jpg,not milk loong
75.jpg,not milk loong
76.jpg,not milk loong
77.jpg,not milk loong
78.jpg,not milk loong
79.jpg,not milk loong
8.jpg,not milk loong
80.jpg,not milk loong
81.jpg,not milk loong
82.jpg,not milk loong
83.jpg,not milk loong
85.jpg,not milk loong
86.jpg,not milk loong
87.jpg,not milk loong
88.jpg,not milk loong
89.jpg,not milk loong
9.jpg,not milk loong
90.jpg,not milk loong
91.jpg,not milk loong
92.jpg,not milk loong
93.jpg,not milk loong
94.jpg,not milk loong
95.jpg,not milk loong
96.jpg,not milk loong
97.jpg,not milk loong
98.jpg,not milk loong
99.jpg,not milk loong
